input_chunk_length,training_length,hidden_dim,n_rnn_layers,dropout,batch_size,lr,RMSE,training_time,predicting_time,model,epochs,valEpochs
1,50,27,2,0.05748713092825688,256,0.0009693820870843929,0.08652554452419281,8.835620403289795,0.19742560386657715,GRU,4,2
26,39,12,2,0.01585934575677752,128,0.0002866327441498855,0.09114312380552292,6.982569217681885,0.25960302352905273,GRU,4,2
