input_chunk_length,training_length,hidden_dim,n_rnn_layers,dropout,batch_size,lr,RMSE,training_time,predicting_time,model,epochs,valEpochs
5,20,22,1,0.198957386672247,32,0.0009381149576925042,0.07850198447704315,8.819281816482544,0.3038771152496338,GRU,4,2
20,45,10,2,0.09010870414118291,128,0.0006159126067352688,0.19171299040317535,7.0988945960998535,0.18955302238464355,GRU,4,2
