input_chunk_length,training_length,hidden_dim,n_rnn_layers,dropout,batch_size,lr,RMSE,training_time,predicting_time,model,epochs,valEpochs
7,48,18,1,0.17013289096300668,32,0.00043729536485720443,0.1377800703048706,11.8675057888031,0.17088675498962402,GRU,4,2
28,49,12,1,0.17407340808269514,64,0.0002666527711083398,0.24433282017707825,7.7982683181762695,0.15715336799621582,GRU,4,2
