input_chunk_length,training_length,hidden_dim,n_rnn_layers,dropout,batch_size,lr,RMSE,training_time,predicting_time,model,epochs,valEpochs
13,57,30,1,0.04252123076827151,256,0.00023498382993596188,0.5905691385269165,10.684764385223389,0.3616788387298584,GRU,4,2
22,34,27,1,0.18150259961127826,64,0.0008547647836070938,0.07945692539215088,13.424020528793335,0.20252585411071777,GRU,4,2
