input_chunk_length,training_length,hidden_dim,n_rnn_layers,dropout,batch_size,lr,RMSE,training_time,predicting_time,model,epochs,valEpochs
11,26,23,3,0.24956139923821957,256,3.808201745954891e-05,0.2484179586172104,4.47096848487854,0.36185407638549805,LSTM,4,2
20,26,13,1,0.10655078419562589,64,0.0007905774298435172,0.08773035556077957,6.2494378089904785,0.2075190544128418,LSTM,4,2
