input_chunk_length,training_length,hidden_dim,n_rnn_layers,dropout,batch_size,lr,RMSE,training_time,predicting_time,model,epochs,valEpochs
30,31,9,2,0.09193950712358291,256,0.0006515523114592451,0.1630530208349228,3.534762144088745,0.3705472946166992,LSTM,4,2
24,27,14,3,0.14166158396133194,256,0.00041845214454738435,0.25999411940574646,3.741705894470215,0.35442519187927246,LSTM,4,2
