input_chunk_length,training_length,hidden_dim,n_rnn_layers,dropout,batch_size,lr,RMSE,training_time,predicting_time,model,epochs,valEpochs
29,32,24,1,0.19569026324027783,64,0.0007030571826998421,0.0815216600894928,6.701081275939941,0.23147916793823242,LSTM,4,2
4,31,31,3,0.020094759626157154,256,0.0009980274610801592,0.08789064735174179,5.42702054977417,0.5356221199035645,LSTM,4,2
