input_chunk_length,training_length,hidden_dim,n_rnn_layers,dropout,batch_size,lr,RMSE,training_time,predicting_time,model,epochs,valEpochs
10,25,8,2,0.18359545588253934,256,0.0005450094379293661,0.16422493755817413,3.8191332817077637,0.29004335403442383,LSTM,4,2
11,20,27,3,0.19599457685449978,32,0.00042406163841230874,0.0708775594830513,7.751574277877808,0.37209248542785645,LSTM,4,2
